,id,time,open,high,low,close,volume,ranges,MA7,MA25,MA99,upperBB,lowerBB
0,1,2019-09-09,10316.6,10475.5,10077.2,10307,14824.4,398.32,,,,,
1,2,2019-09-10,10307,10383,9940.87,10102,9068.96,442.1,10204.5,10204.5,10204.5,10494.4,9914.59
2,3,2019-09-11,10094.3,10293.1,9884.31,10159.5,10897.9,408.8,10189.5,10189.5,10189.5,10401,9978.02
3,4,2019-09-12,10163.1,10450.1,10042.1,10415.1,15609.6,408.01,10245.9,10245.9,10245.9,10530,9961.8
4,5,2019-09-13,10415,10440.5,10153.5,10341.3,19252.7,287.04,10265,10265,10265,10525.4,10004.6
5,6,2019-09-14,10343,10420,10222.8,10332.2,20656.6,197.2,10276.2,10276.2,10276.2,10515.5,10036.9
6,7,2019-09-15,10333.5,10359.2,10024.8,10302.2,20536.3,334.39,10279.9,10279.9,10279.9,10499.2,10060.6
7,8,2019-09-16,10302,10353.8,10080.7,10249.3,20185.6,273.11,10271.7,10276.1,10276.1,10480.3,10071.9
8,9,2019-09-17,10257.3,10270.6,10136.8,10186.5,22519.6,133.86,10283.7,10266.1,10266.1,10466.3,10066
9,10,2019-09-18,10183.9,10256.7,10097.9,10155.2,20832.9,158.73,10283.1,10255,10255,10456.3,10053.7
10,11,2019-09-19,10154.7,10331.6,9530.02,10245.3,26228.8,801.6,10258.9,10254.1,10254.1,10445.2,10063.1
11,12,2019-09-20,10247.7,10279.3,10070.5,10166.3,23265.9,208.8,10233.9,10246.8,10246.8,10435.9,10057.7
12,13,2019-09-21,10166.6,10175.3,9912.63,9983.33,23642.4,262.67,10184,10226.6,10226.6,10459.2,9993.87
13,14,2019-09-22,9992.7,10089.5,9857,10023,23916.4,232.52,10144.1,10212,10212,10460.6,9963.38
14,15,2019-09-23,10027.7,10046.9,9620,9701.96,31927.1,426.91,10065.9,10178,10178,10534.1,9821.95
15,16,2019-09-24,8683.2,9792.83,8645.61,8645.61,29758.5,1147.22,9845.81,10082.2,10082.2,10922.1,9242.36
16,17,2019-09-25,8493.32,8725.24,8200,8430.07,48222.1,525.24,9599.37,9985.05,9985.05,11126.8,8843.31
17,18,2019-09-26,8428.15,8464.4,7700.67,8060.15,60065.9,763.73,9287.2,9878.11,9878.11,11310,8446.23
18,19,2019-09-27,8061.98,8260,7851.94,8176.52,40034.7,408.06,9002.95,9788.55,9788.55,11384.2,8192.96
19,20,2019-09-28,8178.26,8311,8001.14,8195.38,33820.9,309.86,8747.53,9708.9,9708.9,11417.6,8000.22
20,21,2019-09-29,8199,8226.35,7888.98,8041.96,35966.1,337.37,8464.52,9629.52,9629.52,11446.9,7812.14
21,22,2019-09-30,8042.08,8331.89,7709.01,8285.84,54412.5,622.88,8262.22,9568.44,9568.44,11432.3,7704.61
22,23,2019-10-01,8285.31,8499,8171,8290,39212.8,328,8211.42,9512.86,9512.86,11410.3,7615.44
23,24,2019-10-02,8290,8365.92,8149.35,8352.14,30329.2,216.57,8200.28,9464.49,9464.49,11379.8,7549.23
24,25,2019-10-03,8353.4,8386,8020,8220.27,33430.2,366,8223.16,9414.73,9414.73,11354.6,7474.86
25,26,2019-10-04,8219.95,8227.42,7979.95,8130.56,28421.1,247.47,8216.59,9327.67,9365.33,11295.8,7359.51
26,27,2019-10-05,8130,8175,8010,8122.14,30262,165,8206.13,9248.47,9319.29,11245.9,7251.02
27,28,2019-10-06,8122.01,8148.43,7760,7852.79,41909,388.43,8179.11,9156.21,9266.92,11191.1,7121.35
28,29,2019-10-07,7851.01,8330,7764.42,8186.88,62760.3,565.58,8164.97,9067.08,9229.67,11067.1,7067.07
29,30,2019-10-08,8188.55,8322.01,8103.88,8167.62,44715.2,218.13,8147.49,8980.13,9194.27,10937.9,7022.39
30,31,2019-10-09,8168.33,8700,8113,8559.77,65453.6,587,8177.15,8909.23,9173.8,10789.8,7028.65
31,32,2019-10-10,8559.77,8640.89,8419.34,8556.02,44285.7,221.55,8225.11,8839.38,9154.5,10632,7046.72
32,33,2019-10-11,8557,8788,8210,8255.58,69158,578,8242.97,8759.64,9127.26,10466.3,7052.99
33,34,2019-10-12,8255.54,8397.45,8248.34,8300.22,37761.5,149.11,8268.41,8684.18,9102.93,10291.9,7076.46
34,35,2019-10-13,8300.31,8456,8137.3,8274.66,43820.9,318.7,8328.68,8608.96,9079.27,10101.8,7116.15
35,36,2019-10-14,8274.33,8381.77,8205.02,8346.05,61999.8,176.75,8351.42,8532.99,9058.9,9863.29,7202.69
36,37,2019-10-15,8346.31,8408.62,8080,8160.01,86246.8,328.62,8350.33,8452.74,9034.61,9602.28,7303.2
37,38,2019-10-16,8160.55,8184,7900.24,7992.21,70434.5,283.76,8269.25,8373.1,9007.17,9342.58,7403.61
38,39,2019-10-17,7994.76,8124.63,7930,8069.2,58354.6,194.63,8199.7,8294.94,8983.12,8984.98,7604.91
39,40,2019-10-18,8069.41,8117.3,7812,7943.94,75251.4,305.3,8155.18,8224.62,8957.14,8606.9,7842.35
40,41,2019-10-19,7945.57,8108.54,7852.12,7947.13,78024.4,256.42,8104.74,8196.68,8932.51,8551.9,7841.47
41,42,2019-10-20,7947.78,8300.5,7871.17,8218.23,78663.9,429.33,8096.68,8188.21,8915.5,8530.08,7846.34
42,43,2019-10-21,8218.23,8334.57,8150,8201.74,59928.5,184.57,8076.07,8193.87,8898.9,8531.58,7856.17
43,44,2019-10-22,8201,8290,8000,8020.89,69506.9,290,8056.19,8187.65,8878.95,8532.35,7842.95
44,45,2019-10-23,8020.68,8047.78,7172.76,7465,108484,875.02,7980.88,8158.43,8847.53,8608.2,7708.67
45,46,2019-10-24,7465.18,7495.81,7337.44,7411.35,66719.5,158.37,7886.9,8133.21,8816.31,8672.1,7594.32
46,47,2019-10-25,7410.07,8800,7359,8650,165119,1441,7987.76,8147.78,8812.77,8722.36,7573.19
47,48,2019-10-26,8650,10408.5,8626.89,9232.22,248161,1781.59,8171.35,8185.46,8821.51,8904.39,7466.54
48,49,2019-10-27,9234.75,9803.83,9066.07,9533.32,163544,737.76,8359.22,8232.71,8836.03,9130.33,7335.1
49,50,2019-10-28,9534.37,9930.13,9156.03,9217.36,155600,774.1,8504.31,8272.6,8843.66,9252.72,7292.47
50,51,2019-10-29,9215.78,9569.1,9070,9415.02,124703,499.1,8703.47,8323.97,8854.86,9402.77,7245.18
51,52,2019-10-30,9415.02,9418.65,8975.72,9165.3,98464.9,442.93,8946.37,8365.7,8860.83,9491.64,7239.76
52,53,2019-10-31,9163.4,9438.64,8933,9150,98836,505.64,9194.75,8417.59,8866.29,9564.41,7270.77
53,54,2019-11-01,9149.88,9280,9050.27,9231.01,87256.9,229.73,9277.75,8459.35,8873.04,9646.5,7272.2
54,55,2019-11-02,9231.7,9375,9194.98,9287.8,56602.1,180.02,9285.69,8504.16,8880.58,9729.38,7278.94
55,56,2019-11-03,9288.96,9366.69,9073,9197.88,75612.7,293.69,9237.77,8529.69,8886.25,9785.93,7273.44
56,57,2019-11-04,9197.86,9550,9126.01,9395.46,90433.4,423.99,9263.21,8563.26,8895.18,9866.43,7260.09
57,58,2019-11-05,9395.47,9457.13,9164.33,9313.2,113738,292.8,9248.66,8605.57,8902.39,9935.51,7275.62
58,59,2019-11-06,9313.1,9450,9259.48,9343.6,73767.9,190.52,9274.14,8647.3,8909.87,10002.6,7292.04
59,60,2019-11-07,9344.29,9381.93,9091.2,9219.64,77389.6,290.73,9284.08,8685.1,8915.03,10049.7,7320.46
60,61,2019-11-08,9221.63,9259.3,8669.85,8775.03,151851,589.45,9218.94,8702.26,8912.74,10059.9,7344.62
61,62,2019-11-09,8775.6,8878,8727,8811.15,66846.4,151,9150.85,8728.31,8911.1,10067.5,7389.15
62,63,2019-11-10,8811.3,9187,8760,9041.31,91099.2,427,9128.48,8770.27,8913.17,10078.7,7461.83
63,64,2019-11-11,9041.31,9072.91,8611.11,8728.93,113374,461.8,9033.27,8796.66,8910.29,10072.4,7520.93
64,65,2019-11-12,8729.89,8889.06,8552.12,8817,107521,336.94,8962.38,8831.58,8908.85,10056.9,7606.31
65,66,2019-11-13,8817.94,8838,8712,8774.76,58585.8,126,8881.12,8864.69,8906.82,10033.8,7695.55
66,67,2019-11-14,8774.78,8798.06,8581.39,8642.25,87100,216.67,8798.63,8881.65,8902.87,10023.7,7739.6
67,68,2019-11-15,8642.47,8780,8380,8473.27,145602,400,8755.52,8892.51,8896.55,10012.6,7772.45
68,69,2019-11-16,8473.3,8540.54,8435,8491.06,48657,105.54,8709.8,8911.32,8890.68,9985.24,7837.39
69,70,2019-11-17,8491.18,8631,8355.78,8504.04,72152.3,275.22,8633.04,8952.88,8885.15,9861.24,8044.52
70,71,2019-11-18,8504.13,8504.71,8050,8183.26,123477,454.71,8555.09,8983.75,8875.27,9707.5,8260
71,72,2019-11-19,8183.3,8212.87,8000,8131.7,110854,212.87,8457.19,8963.02,8864.94,9753.25,8172.8
72,73,2019-11-20,8131.12,8230,8037.5,8094.05,87352.4,192.5,8359.95,8917.5,8854.38,9771.66,8063.33
73,74,2019-11-21,8094.57,8131.51,7432,7621.9,180289,699.51,8214.18,8841.04,8837.72,9801.14,7880.94
74,75,2019-11-22,7621.89,7765.03,6762.73,7262.72,371214,1002.3,8041.25,8762.85,8816.72,9897.71,7628
75,76,2019-11-23,7261.89,7345.84,7073.38,7305.99,139643,272.46,7871.95,8678.49,8796.85,9919.9,7437.08
76,77,2019-11-24,7306.19,7324.92,6855.91,6900.86,183676,469.01,7642.93,8587.92,8772.22,10000,7175.79
77,78,2019-11-25,6899.77,7386.29,6510.19,7102.03,333988,876.1,7488.46,8506,8750.81,10016.4,6995.55
78,79,2019-11-26,7103.34,7340.06,7011.9,7150,193962,328.16,7348.22,8422.76,8730.55,9994.83,6850.68
79,80,2019-11-27,7149.97,7669.2,6850,7506.77,297843,819.2,7264.32,8351.51,8715.25,9921.67,6781.36
80,81,2019-11-28,7506.78,7643,7356,7415.79,175001,287,7234.88,8280.23,8699.21,9852.1,6708.37
81,82,2019-11-29,7417,7850,7394.57,7736.66,185819,455.43,7302.59,8213.88,8687.47,9728.6,6699.16
82,83,2019-11-30,7737.23,7800,7444.18,7542.93,141966,355.82,7336.43,8143.07,8673.68,9608.36,6677.77
83,84,2019-12-01,7541.08,7541.08,7222.29,7387.38,196291,318.79,7405.94,8064.82,8658.37,9470.71,6658.92
84,85,2019-12-02,7388,7416.75,7137.74,7291,143967,279.01,7432.93,7987.67,8642.28,9340.18,6635.17
85,86,2019-12-03,7291.74,7404.42,7231.35,7290.86,84699.5,173.07,7453.06,7928.31,8626.57,9267.04,6589.58
86,87,2019-12-04,7290.85,7800,7070,7191,274879,730,7407.95,7863.5,8610.06,9180.85,6546.16
87,88,2019-12-05,7189.42,7480,7142.54,7384.99,176315,337.46,7403.55,7797.25,8596.14,9031.78,6562.72
88,89,2019-12-06,7384.66,7602.44,7295.73,7522.1,136219,306.71,7372.89,7748.97,8584.08,8924.69,6573.26
89,90,2019-12-07,7521.13,7616.91,7467.44,7487.2,83208.8,149.47,7364.93,7695.78,8571.89,8787.49,6604.08
90,91,2019-12-08,7487.19,7559.39,7376,7508.2,84380.3,183.39,7382.19,7645.12,8560.2,8641.59,6648.65
91,92,2019-12-09,7507.87,7676.48,7269.05,7337.49,136440,407.43,7388.83,7592.93,8546.91,8504.89,6680.97
92,93,2019-12-10,7338.2,7403.71,7152,7220.98,126663,251.71,7378.85,7542.84,8532.65,8388.48,6697.2
93,94,2019-12-11,7220.92,7267,7117.74,7205.77,97320.7,149.26,7380.96,7491.43,8518.54,8248.51,6734.34
94,95,2019-12-12,7206.78,7295.12,7080,7194.77,140594,215.12,7353.79,7439.06,8504.6,8075.86,6802.25
95,96,2019-12-13,7194.08,7298,7190,7252.98,80178.8,108,7315.34,7401.84,8491.56,7961.5,6842.19
96,97,2019-12-14,7252.98,7266.14,7007.86,7061.34,97837.5,258.28,7254.5,7359.03,8476.82,7844.95,6873.11
97,98,2019-12-15,7060.79,7196,7004.77,7115,87933.2,191.23,7198.33,7319.87,8462.92,7706.66,6933.08
98,99,2019-12-16,7115.45,7147.34,6831,6887.54,117598,316.34,7134.05,7290.49,8447.01,7692.94,6888.05
99,100,2019-12-17,6887.48,6940,6550,6618.96,166411,390,7048.05,7264.74,8409.76,7748.72,6780.77
100,101,2019-12-18,6618.96,7479.99,6427,7277.44,328490,1052.99,7058.29,7263.6,8381.23,7747.3,6779.9
101,102,2019-12-19,7278.11,7367.87,7042.82,7146.29,158850,325.05,7051.36,7273.42,8350.79,7735.94,6810.89
102,103,2019-12-20,7146.29,7217.08,7078.17,7184.39,86449.6,138.91,7041.57,7276.71,8318.16,7735.31,6818.12
103,104,2019-12-21,7184.39,7185,7108,7131.01,44340.9,77,7051.52,7275.95,8285.73,7735.48,6816.42
104,105,2019-12-22,7131.02,7517.61,7122,7502.92,129797,395.61,7106.94,7275.8,8257.15,7735.01,6816.59
105,106,2019-12-23,7502.92,7691,7262,7314.01,215299,429,7167.86,7271.73,8226.97,7727.56,6815.9
106,107,2019-12-24,7314.03,7434.55,7156.08,7252.04,149081,278.47,7258.3,7252.34,8196.69,7664.96,6839.72
107,108,2019-12-25,7251.57,7267.63,7123.19,7201.45,96965.1,144.44,7247.44,7238.68,8166.54,7633.44,6843.92
108,109,2019-12-26,7201.67,7438.8,7151,7197.46,133974,287.8,7254.75,7231.09,8136.66,7621.21,6840.97
109,110,2019-12-27,7197.84,7270,7078.89,7248.4,112285,191.11,7263.9,7229.38,8106.39,7618.78,6839.98
110,111,2019-12-28,7248.4,7359.15,7235,7311.48,91292.9,124.15,7289.68,7230.21,8077.56,7620.24,6840.18
111,112,2019-12-29,7310.29,7527,7283.6,7383.67,102544,243.4,7272.64,7237.92,8051.3,7632.31,6843.52
112,113,2019-12-30,7383.68,7400,7215.58,7240.43,94375.4,184.42,7262.13,7232.13,8023.19,7621.75,6842.52
113,114,2019-12-31,7240.8,7319,7141,7189,89203.4,178,7253.13,7218.81,7997.81,7589.43,6848.19
114,115,2020-01-01,7189.43,7260.43,7170.15,7197.57,56801.3,90.28,7252.57,7207.22,7983.18,7560.59,6853.86
115,116,2020-01-02,7197.57,7209.59,6922,6962.04,115296,287.59,7218.94,7185.38,7968.35,7528.6,6842.16
116,117,2020-01-03,6962.34,7407.28,6863.44,7341.72,208493,543.84,7232.27,7185.55,7961.09,7529.08,6842.01
117,118,2020-01-04,7341.6,7400,7269.21,7350.71,92586,130.79,7237.88,7190.74,7952.75,7540.37,6841.1
118,119,2020-01-05,7350.54,7495,7303,7354.36,117766,192,7233.69,7196.68,7944.26,7552.38,6840.98
119,120,2020-01-06,7354.36,7808.65,7345,7757.39,168150,463.65,7307.54,7219.18,7941.38,7639.67,6798.7
120,121,2020-01-07,7757.74,8215.33,7733,8152.49,280809,482.33,7445.18,7255.16,7940.04,7817.66,6692.67
121,122,2020-01-08,8150.9,8468.42,7870.11,8059.84,321225,598.31,7568.36,7295.1,7937.71,7936.52,6653.69
122,123,2020-01-09,8059.77,8060,7750.01,7818.59,187263,309.99,7690.73,7323.25,7932.32,7992.86,6653.64
123,124,2020-01-10,7817.91,8210.62,7670,8207.09,253784,540.62,7814.35,7376.03,7932.19,8107.69,6644.37
124,125,2020-01-11,8207.2,8292.19,8003.87,8020.56,164742,288.32,7910.05,7432.09,7931.08,8136.32,6727.86
125,126,2020-01-12,8020.58,8195,7956.28,8186.7,108630,238.72,8028.95,7468.46,7931.73,8230.92,6706
126,127,2020-01-13,8186.22,8200,8053.78,8113,74581.4,146.22,8079.75,7507.13,7934.36,8299,6715.27
127,128,2020-01-14,8112.99,8893,8109.02,8825,290778,783.98,8175.83,7572.76,7940.8,8511.49,6634.03
128,129,2020-01-15,8825,8921.2,8570.52,8825.3,237634,350.68,8285.18,7640.53,7947.45,8685.05,6596.01
129,130,2020-01-16,8825.35,8868.21,8596.25,8725.08,167959,271.96,8414.68,7689.42,7949.12,8818.11,6560.72
130,131,2020-01-17,8724.99,9039,8680,8918.72,205718,359,8516.34,7753.6,7952.78,8972.28,6534.93
131,132,2020-01-18,8918.73,8995,8816,8925,114709,179,8645.54,7820.52,7959.54,9106.32,6534.72
132,133,2020-01-19,8925,9205.3,8440.91,8705.85,225315,764.39,8719.71,7880.7,7963.64,9186.43,6574.96
133,134,2020-01-20,8705.98,8750.37,8526.06,8650,125162,224.31,8796.42,7938.8,7967.43,9247.12,6630.47
134,135,2020-01-21,8650,8790.1,8448.6,8742.43,107577,341.5,8784.63,7998.56,7971.43,9311.96,6685.16
135,136,2020-01-22,8742.78,8820,8585.85,8684.57,94305.5,234.15,8764.52,8053.48,7976.73,9362,6744.97
136,137,2020-01-23,8684.47,8694,8326,8409.6,163407,368,8719.45,8094.52,7980.95,9379.65,6809.39
137,138,2020-01-24,8410,8528,8247,8441.96,144785,281,8651.34,8142.58,7984.71,9383.74,6901.42
138,139,2020-01-25,8442.82,8455,8272,8344.64,96961.7,183,8568.44,8188.81,7988.76,9366.44,7011.17
139,140,2020-01-26,8344.37,8624.45,8300,8611.21,117899,324.45,8554.92,8245.35,7995.47,9358.67,7132.04
140,141,2020-01-27,8611.21,9015.48,8565,8913.61,172235,450.48,8592.57,8323.42,8002.49,9330.41,7316.42
141,142,2020-01-28,8913.61,9436.06,8905,9398.98,244468,531.06,8686.37,8405.71,8014.59,9414.67,7396.75
142,143,2020-01-29,9399.72,9460.52,9242,9311,169461,218.52,8775.86,8484.12,8027.62,9455.44,7512.79
143,144,2020-01-30,9311.23,9599,9210.42,9525.67,190138,388.58,8935.3,8570.97,8048.43,9509.12,7632.82
144,145,2020-01-31,9525.67,9550.72,9220,9364.51,146644,330.72,9067.09,8635.26,8068.16,9561.29,7709.22
145,146,2020-02-01,9364.5,9477.76,9306,9392.74,109040,171.76,9216.82,8684.87,8075.66,9635.69,7734.04
146,147,2020-02-02,9392.99,9489.92,9160.01,9338.2,148403,329.91,9320.67,8736,8076.73,9684.26,7787.74
147,148,2020-02-03,9340.49,9647.61,9250,9300.64,159049,397.61,9375.96,8795.28,8074.38,9688.27,7902.3
148,149,2020-02-04,9300.63,9368,9105,9198.35,147844,263,9347.3,8834.93,8074.19,9706.88,7962.99
149,150,2020-02-05,9198.32,9799.08,9179.88,9630,212312,619.2,9392.87,8899.31,8076.36,9758.29,8040.33
150,151,2020-02-06,9630,9884,9550,9778.12,200556,334,9428.94,8962.97,8082.55,9837.63,8088.3
151,152,2020-02-07,9777.97,9900,9736.66,9821.52,129741,163.34,9494.22,9031.31,8089.34,9896.19,8166.43
152,153,2020-02-08,9821.52,9956,9680.55,9906.43,129267,275.45,9567.61,9074.57,8096.16,10002.3,8146.79
153,154,2020-02-09,9906.09,10184.3,9892.15,10167.4,143407,292.19,9686.07,9128.25,8105.04,10146.8,8109.69
154,155,2020-02-10,10167.4,10213.6,9750,9865.56,184243,463.56,9766.77,9173.87,8111.79,10219,8128.74
155,156,2020-02-11,9865.56,10410,9729.36,10229.1,190120,680.6,9914.02,9226.28,8120.21,10346.8,8105.75
156,157,2020-02-12,10230.7,10480,10229.7,10340,159674,250.27,10015.4,9282.88,8130.58,10480.3,8085.45
157,158,2020-02-13,10339.6,10540,10101,10239.6,213053,439,10081.4,9344.23,8139.63,10575.2,8113.29
158,159,2020-02-14,10240,10390,10123.4,10356.8,130976,266.63,10157.8,9412.51,8151.12,10672,8153
159,160,2020-02-15,10356.3,10389.8,9752.3,9914.99,152146,637.45,10159.1,9459.41,8162.63,10702.2,8216.66
160,161,2020-02-16,9914.31,10060.5,9626.64,9921.86,141548,433.81,10124,9508.9,8173.85,10721.3,8296.55
161,162,2020-02-17,9921.87,9971,9461.89,9716,185338,509.11,10102.6,9561.16,8180.67,10685.5,8436.81
162,163,2020-02-18,9716,10270,9598,10174.3,166119,672,10094.8,9630.45,8195.27,10678.3,8582.57
163,164,2020-02-19,10174.5,10286,9293.07,9593.65,187496,992.93,9988.17,9680.41,8203.11,10581.7,8779.12
164,165,2020-02-20,9593.31,9700,9382.59,9601.99,143106,317.41,9897.08,9720.04,8211.47,10505.1,8935.01
165,166,2020-02-21,9601.51,9759.59,9547,9681.39,98954.3,212.59,9800.6,9750.75,8221.96,10460.8,9040.68
166,167,2020-02-22,9681.39,9710.7,9565,9659.2,58419.5,145.7,9764.06,9761.16,8233.94,10457.2,9065.08
167,168,2020-02-23,9658.95,10018.9,9657,9943.12,97134.4,361.9,9767.09,9786.45,8248.61,10459.9,9112.94
168,169,2020-02-24,9943.12,10000,9487.38,9662.95,157966,512.62,9759.51,9791.94,8260.32,10458.8,9125.09
169,170,2020-02-25,9662.88,9686.78,9247,9326,168642,439.78,9638.33,9790.4,8271.86,10461.5,9119.27
170,171,2020-02-26,9326,9384,8610,8792.22,267005,774,9523.84,9766.38,8278.53,10533,8999.75
171,172,2020-02-27,8793.96,8978,8533.9,8828,200638,444.1,9413.27,9745.97,8285.94,10583.9,8908.01
172,173,2020-02-28,8827.12,8908.86,8450,8699.57,196066,458.86,9273.01,9721.92,8296.83,10643.4,8800.4
173,174,2020-02-29,8699.86,8799.83,8530,8531.98,103525,269.83,9111.98,9695.27,8309.65,10713.4,8677.16
174,175,2020-03-01,8532.5,8762.24,8409,8537.84,174333,353.24,8911.22,9651.58,8322.09,10770.1,8533.03
175,176,2020-03-02,8537.84,8972,8504.95,8919.7,160294,467.05,8805.04,9617.25,8342.49,10771.7,8462.75
176,177,2020-03-03,8919.7,8922.34,8657.41,8765,160124,264.93,8724.9,9574.99,8359.28,10774.8,8375.19
177,178,2020-03-04,8765,8853.88,8669.23,8756.93,105462,184.65,8719.86,9529.01,8375.52,10763.5,8294.53
178,179,2020-03-05,8755.98,9172.3,8755.98,9062.81,161841,416.32,8753.4,9484.82,8391.23,10703.1,8266.59
179,180,2020-03-06,9062.62,9179.75,8994.14,9139.48,115012,185.61,8816.25,9455.78,8408.64,10670.8,8240.75
180,181,2020-03-07,9139.77,9204,8850,8897.18,125805,354,8868.42,9402.5,8420.37,10592.8,8212.2
181,182,2020-03-08,8895.62,8897.71,7997.7,8038.46,237407,900.01,8797.08,9310.44,8425.37,10553.5,8067.41
182,183,2020-03-09,8038.99,8182.31,7635.21,7932.15,334399,547.1,8656,9218.14,8430.88,10515.2,7921.09
183,184,2020-03-10,7932.45,8156.31,7733,7897.66,257069,423.31,8532.1,9119.78,8437,10429.9,7809.61
184,185,2020-03-11,7898.21,7988,7593.29,7938.39,220537,394.71,8415.16,9040.71,8443.54,10388.9,7692.48
185,186,2020-03-12,7938.39,7969,4347,4764.65,784747,3622,7801.14,8834.42,8419.03,10969.5,6699.37
186,187,2020-03-13,4762.28,5971,3621.81,5570.26,935489,2349.19,7291.25,8668.59,8400.7,11136.4,6200.77
187,188,2020-03-14,5569.84,5638.42,5040,5167.01,316243,598.42,6758.37,8468.3,8376.92,11223.1,5713.55
188,189,2020-03-15,5167.21,5954.47,5089.12,5357.32,356312,865.35,6375.35,8298.85,8355.4,11277.3,5320.43
189,190,2020-03-16,5354.81,5361.26,4413.62,5026.26,621556,947.64,5960.22,8115.82,8330.33,11314.8,4916.86
190,191,2020-03-17,5027.11,5529.98,4913.49,5307.38,429908,616.49,5590.18,7940.86,8309.83,11259.3,4622.45
191,192,2020-03-18,5306.42,5435,4982.75,5389.64,402006,452.25,5226.07,7770.08,8291.33,11158.7,4381.42
192,193,2020-03-19,5389.94,6400,5246.5,6159.6,499391,1153.5,5425.35,7618.74,8280.76,10940.3,4297.17
193,194,2020-03-20,6159.41,6911,5650,6203.77,571898,1261,5515.85,7480.37,8270.75,10734.6,4226.1
194,195,2020-03-21,6204.47,6457.17,5854.01,6183.69,387680,603.16,5661.09,7354.68,8259.95,10554.2,4155.16
195,196,2020-03-22,6183.84,6408.91,5730.35,5810.17,391003,678.56,5725.79,7235.4,8247.31,10434,4036.83
196,197,2020-03-23,5810.3,6619.9,5670,6463.84,489746,949.9,5931.16,7140.83,8240.73,10282.5,3999.17
197,198,2020-03-24,6463.21,6840,6369,6741.33,437969,471,6136.01,7062.5,8239.26,10139.2,3985.79
198,199,2020-03-25,6740.86,6960.71,6436.26,6673.41,400685,524.45,6319.4,6988.16,8239.81,10006.2,3970.14
199,200,2020-03-26,6673.57,6777.5,6500,6733.76,281246,277.5,6401.42,6915.99,8234.31,9865.11,3966.88
200,201,2020-03-27,6733.76,6840,6230,6353.64,258214,610,6422.83,6813.35,8226.31,9648.3,3978.4
201,202,2020-03-28,6353.64,6354.74,6004,6230.95,341944,350.74,6429.59,6711.99,8216.68,9435.2,3988.78
202,203,2020-03-29,6231.81,6260,5857.6,5876.27,251336,402.4,6439.03,6596.76,8204,9200.6,3992.93
203,204,2020-03-30,5876.27,6606.15,5850,6391.08,387322,756.15,6428.63,6489.89,8192.77,8882.77,4097.02
204,205,2020-03-31,6389.52,6516.63,6320,6407.1,262523,196.63,6380.89,6380.6,8183.61,8503.61,4257.58
205,206,2020-04-01,6407.1,6693,6140,6641.51,390530,553,6376.33,6290.37,8177.44,8142.15,4438.59
206,207,2020-04-02,6641.22,7290,6542.73,6791.63,531321,747.27,6384.6,6240.5,8173.3,7958.43,4522.57
207,208,2020-04-03,6791.65,7049.11,6600,6729.8,411945,449.11,6438.33,6192.4,8168.58,7775,4609.81
208,209,2020-04-04,6729.8,7020,6629.99,6851.1,319850,390.01,6526.93,6150.54,8164.57,7594.49,4706.6
209,210,2020-04-05,6851.4,6893.44,6668.02,6768.9,239225,225.42,6654.45,6103.76,8159.09,7371.38,4836.15
210,211,2020-04-06,6768.9,7370,6760,7325.73,461331,610,6787.97,6206.21,8158.5,7436.29,4976.12
211,212,2020-04-07,7325.73,7457,7070.43,7192.9,419572,386.57,6900.22,6271.11,8158.02,7532.23,5009.99
212,213,2020-04-08,7192.9,7417.83,7145.14,7357.66,332600,272.69,7002.53,6358.74,8159.73,7604.54,5112.94
213,214,2020-04-09,7357.15,7365.69,7105.98,7278.65,293639,259.71,7072.11,6435.59,8160.54,7660.87,5210.31
214,215,2020-04-10,7278.83,7290,6741,6857.82,440148,549,7090.39,6508.85,8159.49,7594.04,5423.67
215,216,2020-04-11,6858,6944.28,6757.29,6874.18,224158,186.99,7093.69,6571.53,8154.77,7542.56,5600.49
216,217,2020-04-12,6874.17,7173.98,6775.66,6900.52,321595,398.32,7112.49,6631.96,8150.22,7476.31,5787.61
217,218,2020-04-13,6900.19,6900.99,6558,6834,421955,342.99,7042.25,6658.94,8144.97,7483.26,5834.61
218,219,2020-04-14,6834.01,6975.6,6751,6864.11,280445,224.6,6995.28,6685.35,8135.94,7491.01,5879.69
219,220,2020-04-15,6864.11,6929,6602.59,6616.89,281137,326.41,6889.45,6702.68,8120.43,7481.57,5923.79
220,221,2020-04-16,6616.88,7190.92,6465.33,7098.15,559869,725.59,6863.67,6754.2,8110.72,7453.42,6054.97
221,222,2020-04-17,7098.15,7140,6981,7022.44,277340,159,6887.18,6776.54,8102.68,7472.8,6080.28
222,223,2020-04-18,7022,7290,7008.11,7242.42,225807,281.89,6939.79,6796.58,8092.93,7517.05,6076.12
223,224,2020-04-19,7242.49,7258.42,7055,7118.03,216975,203.42,6970.86,6814.37,8083.81,7544.06,6084.68
224,225,2020-04-20,7118.04,7208.55,6735.95,6825.29,445105,472.6,6969.62,6818.03,8070.06,7546.95,6089.11
225,226,2020-04-21,6825.28,6940,6759.16,6838,288025,180.84,6965.89,6837.41,8057.18,7540.18,6134.63
226,227,2020-04-22,6838,7154.9,6812.57,7120.06,306482,342.33,7037.77,6872.97,8039.96,7536.77,6209.17
227,228,2020-04-23,7120.06,7802.38,7020,7483.35,472510,782.38,7092.8,6937.25,8026.41,7502.89,6371.62
228,229,2020-04-24,7483.36,7612.91,7388,7504.11,278378,224.91,7161.61,6981.77,8014.07,7543.49,6420.06
229,230,2020-04-25,7504.62,7722.33,7433,7534.01,243267,289.33,7203.26,7026.85,8000.09,7577.16,6476.54
230,231,2020-04-26,7534.01,7709.57,7476.86,7694.17,269922,232.71,7285.57,7068.96,7987.66,7656.26,6481.65
231,232,2020-04-27,7693.63,7795.6,7623.98,7774,290336,171.62,7421.1,7108.25,7978.24,7747.41,6469.1
232,233,2020-04-28,7774,7780,7662.49,7735.75,217653,117.51,7549.35,7148.49,7969.01,7814.47,6482.51
233,234,2020-04-29,7735.76,8988.66,7710,8784.2,871198,1278.66,7787.08,7225.81,7969.43,8147.66,6303.97
234,235,2020-04-30,8784.05,9479.77,8400,8624.76,944212,1079.77,7950.14,7300.05,7968.83,8357.51,6242.59
235,236,2020-05-01,8623.61,9065,8619.84,8830.52,417820,445.16,8139.63,7360.24,7973.08,8582.29,6138.19
236,237,2020-05-02,8830.52,9020,8755.01,8975.18,295770,264.99,8345.51,7431.53,7978.46,8810.75,6052.32
237,238,2020-05-03,8975.18,9200,8727.24,8900,451323,472.76,8517.77,7493.22,7984.07,8991.51,5994.94
238,239,2020-05-04,8899.99,8954.94,8526,8873.98,440135,428.94,8674.91,7557.04,7986.73,9150.14,5963.94
239,240,2020-05-05,8873.99,9118.17,8766.12,9022.78,409920,352.05,8858.77,7643.64,7987.83,9311.96,5975.31
240,241,2020-05-06,9022.76,9405,8916.01,9148.27,507754,488.99,8910.78,7734.6,7985.3,9474.56,5994.64
241,242,2020-05-07,9148.29,10080,9022,9995,738920,1058,9106.53,7858.38,7992.21,9781.72,5935.03
242,243,2020-05-08,9994.74,10045,9726,9807.49,458034,319.03,9246.1,7977.32,7995.05,10001.8,5952.82
243,244,2020-05-09,9809.63,9923.98,9528.23,9550.67,411942,395.75,9328.31,8084.78,7996.93,10147.9,6021.65
244,245,2020-05-10,9550.25,9580,7940,8719.53,842909,1640,9302.53,8168.89,7990.13,10152.6,6185.19
245,246,2020-05-11,8723.23,9164,8151.12,8561.09,805165,1012.88,9257.83,8227.4,7982.28,10165.3,6289.53
246,247,2020-05-12,8560.73,8981,8520.43,8808.71,369716,460.57,9227.25,8298.85,7977.31,10182.6,6415.13
247,248,2020-05-13,8808.71,9397,8790.04,9305.91,379719,606.96,9249.77,8381.39,7978.4,10253,6509.75
248,249,2020-05-14,9305.91,9950,9250.66,9786.8,602528,699.34,9220.03,8488.15,7979.99,10364,6612.31
249,250,2020-05-15,9787.62,9843.5,9100,9310.73,504107,743.5,9149.06,8587.56,7975.26,10356.6,6818.53
250,251,2020-05-16,9311.21,9585,9210.03,9374.99,287768,374.97,9123.97,8689.04,7970.75,10326,7052.05
251,252,2020-05-17,9374.99,9880,9317.16,9678.57,300859,562.84,9260.97,8791.38,7968.45,10337,7245.73
252,253,2020-05-18,9677.31,9958.67,9450,9731.1,363732,508.67,9428.12,8881.29,7964.04,10370.4,7392.21
253,254,2020-05-19,9731.11,9900,9462,9773.64,376314,438,9565.96,8972.07,7963.12,10386.2,7557.99
254,255,2020-05-20,9772.66,9838,9281.42,9508.11,334424,556.58,9594.85,9051.04,7955.83,10346,7756.1
255,256,2020-05-21,9508,9573,8812.2,9060,461439,760.8,9491.02,9105.67,7942.9,10270.8,7940.51
256,257,2020-05-22,9060,9259.38,8920,9166.4,276008,339.38,9470.4,9161.37,7932.06,10185.9,8136.8
257,258,2020-05-23,9166.43,9300,9076.9,9176.41,201590,223.1,9442.03,9218.99,7920.14,10054,8384.01
258,259,2020-05-24,9176.32,9294.44,8674,8711.37,339643,620.44,9303.86,9216.08,7907.98,10057.9,8374.29
259,260,2020-05-25,8711.37,8977,8623.38,8895.65,302980,353.62,9184.51,9226.92,7897.62,10043.6,8410.24
260,261,2020-05-26,8895.66,9011.82,8693.18,8837.05,275619,318.64,9050.71,9227.18,7888.74,10043.3,8411.03
261,262,2020-05-27,8837.88,9230,8811,9197.32,272254,419,9006.31,9236.06,7878.87,10045.6,8426.54
262,263,2020-05-28,9197.32,9621.65,9110.97,9569.59,327412,510.68,9079.11,9262.85,7878.63,10070.3,8455.34
263,264,2020-05-29,9569.58,9598,9317.42,9422.26,238691,280.58,9115.66,9284.78,7876.81,10077.9,8491.63
264,265,2020-05-30,9422.11,9753,9326.01,9695,255234,426.99,9189.75,9311.67,7876.95,10113.3,8509.99
265,266,2020-05-31,9694.38,9698,9371.76,9446.43,219829,326.24,9294.76,9323.59,7874.8,10124,8523.17
266,267,2020-06-01,9446.49,10497.2,9420.85,10232.5,333740,1076.4,9485.74,9333.09,7877.72,10171.5,8494.73
267,268,2020-06-02,10232.4,10262.3,9264.15,9514.9,354169,998.15,9582.57,9321.39,7876.23,10140.1,8502.69
268,269,2020-06-03,9514.9,9694.75,9382.33,9663.59,185389,312.42,9649.18,9325.91,7879.64,10151.1,8500.71
269,270,2020-06-04,9663.58,9884,9440,9788.33,264515,444,9680.43,9368.66,7889.7,10173.4,8563.87
270,271,2020-06-05,9788.32,9855,9580.52,9617.29,237103,274.48,9708.29,9410.91,7897.67,10147,8674.79
271,272,2020-06-06,9616.64,9738.77,9528,9664,152527,210.77,9703.86,9445.12,7907.41,10143.1,8747.11
272,273,2020-06-07,9664.01,9823.13,9373,9743.92,253986,450.13,9746.36,9462.64,7919.66,10168,8757.24
273,274,2020-06-08,9743.92,9816,9631,9778.87,162086,185,9681.56,9462.32,7932.19,10167.1,8757.52
274,275,2020-06-09,9778.87,9890,9550.03,9771.66,204423,339.97,9718.24,9480.76,7940.8,10193.1,8768.41
275,276,2020-06-10,9771.66,10016,9681.21,9884.99,193628,334.78,9749.87,9501.16,7952.11,10229.9,8772.4
276,277,2020-06-11,9884.99,9970.1,9055.07,9278.03,404047,915.03,9676.97,9485.14,7957.37,10215.2,8755.02
277,278,2020-06-12,9277.72,9550,9238,9458.91,211611,312,9654.34,9474.25,7961.38,10197.2,8751.34
278,279,2020-06-13,9458.77,9497.85,9340,9468.54,113449,157.85,9626.42,9462.04,7964.7,10174.1,8749.97
279,280,2020-06-14,9468.55,9477,9240.97,9339.61,143979,236.03,9568.66,9455.3,7969.17,10168.7,8741.86
280,281,2020-06-15,9339.7,9490.83,8888.43,9422.01,413866,602.4,9517.68,9469.79,7983.14,10164.2,8775.33
281,282,2020-06-16,9422.01,9595,9370,9519.12,225713,225,9481.6,9483.89,7999.17,10166.9,8800.88
282,283,2020-06-17,9519.13,9569,9231.03,9458.45,227477,337.97,9420.67,9495.18,8014.94,10166.2,8824.11
283,284,2020-06-18,9458.45,9483.85,9272.41,9381.59,158349,211.44,9435.46,9521.98,8029.52,10111.1,8932.84
284,285,2020-06-19,9381.99,9453,9239,9307,219510,214,9413.76,9538.44,8075.4,10075.4,9001.52
285,286,2020-06-20,9307,9394.29,9165,9354.04,154462,229.29,9397.4,9559.12,8113.62,10017.6,9100.67
286,287,2020-06-21,9353.84,9420.47,9279,9293.51,110600,141.47,9390.82,9562.97,8155.3,10010.2,9115.69
287,288,2020-06-22,9293.39,9795,9273,9686.99,260562,522,9428.67,9567.66,8199.03,10017.7,9117.64
288,289,2020-06-23,9686.99,9723.23,9585,9631.66,164674,138.23,9444.75,9576.04,8245.55,10022.6,9129.51
289,290,2020-06-24,9631.65,9678,9210,9298.4,300450,468,9421.88,9560.17,8285.87,10017.1,9103.2
290,291,2020-06-25,9298.78,9350.9,9005,9246.75,272566,345.9,9402.62,9552.19,8324.83,10024.2,9080.19
291,292,2020-06-26,9246.75,9297.16,9038.52,9159.99,249349,258.64,9381.62,9509.29,8355.13,9913.77,9104.8
292,293,2020-06-27,9159.99,9195.75,8816.4,9008,237840,379.35,9332.19,9489.01,8383.46,9940.42,9037.6
293,294,2020-06-28,9008,9188,8932.68,9114,153843,255.32,9306.54,9467.03,8413.06,9936.19,8997.86
294,295,2020-06-29,9114.01,9233,9022,9189.48,176661,211,9235.47,9443.07,8447.19,9904.98,8981.17
295,296,2020-06-30,9189.99,9205,9063.97,9138.87,143470,141.03,9165.07,9423.94,8474.21,9895.31,8952.56
296,297,2020-07-01,9138.88,9293,9090,9233.29,161642,203,9155.77,9406.71,8499.39,9872.98,8940.43
297,298,2020-07-02,9233.29,9262.99,8936,9087.72,230748,326.99,9133.05,9380.46,8523.77,9841.49,8919.43
298,299,2020-07-03,9087.72,9124.52,9036.06,9057.52,96947.3,88.46,9118.41,9351.61,8547.25,9798.82,8904.39
299,300,2020-07-04,9058.07,9194,9042.84,9137.18,100215,151.16,9136.87,9326.23,8575.36,9745.25,8907.21
300,301,2020-07-05,9137.18,9146.35,8900,9071.86,139546,246.35,9130.85,9293.7,8604.06,9654.14,8933.26
301,302,2020-07-06,9071.87,9379,9058.1,9339.6,199644,320.9,9152.29,9296.16,8639.04,9657,8935.33
302,303,2020-07-07,9339.59,9380,9201.23,9258.51,127834,178.77,9169.38,9288.15,8668,9642.77,8933.53
303,304,2020-07-08,9258.51,9470,9233.47,9436.08,170243,236.53,9198.35,9286.85,8698.6,9638.95,8934.75
304,305,2020-07-09,9436.08,9440.81,9164.33,9236.28,188356,276.48,9219.58,9282.72,8724.81,9634.66,8930.77
305,306,2020-07-10,9236.29,9317.24,9121.42,9288.39,140850,195.82,9252.56,9277.37,8750.03,9624.53,8930.22
306,307,2020-07-11,9288.39,9301.74,9178.91,9233.5,74976.5,122.83,9266.32,9265.95,8775.32,9598.44,8933.45
307,308,2020-07-12,9233.5,9349,9155,9300.69,127842,194,9299.01,9259.64,8800.06,9582.76,8936.51
308,309,2020-07-13,9300.7,9345,9200,9241.2,136118,145,9284.95,9254.02,8825.04,9573.17,8934.87
309,310,2020-07-14,9241.18,9279,9116,9254.17,129704,163,9284.33,9251.91,8844.52,9570.3,8933.52
310,311,2020-07-15,9254.17,9272.56,9156,9197.3,104108,116.56,9250.22,9245.64,8864.76,9561.81,8929.46
311,312,2020-07-16,9197.75,9223,9044.02,9132,148089,178.98,9235.32,9239.18,8882.68,9557.87,8920.49
312,313,2020-07-17,9132,9187,9087,9151.69,80940.6,100,9215.79,9217.77,8901.6,9477.58,8957.95
313,314,2020-07-18,9151.7,9210,9121.98,9171.8,63233.6,88.02,9206.98,9199.37,8924.98,9394.04,9004.7
314,315,2020-07-19,9171.79,9239.59,9108,9210.51,75554.6,131.59,9194.1,9195.86,8948.58,9386.2,9005.51
315,316,2020-07-20,9210.68,9221,9131.01,9161.13,72429.7,89.99,9182.66,9192.43,8971.41,9382.04,9002.82
316,317,2020-07-21,9161.28,9439.6,9152.62,9388.01,179211,286.98,9201.78,9201.55,8997.21,9406.01,8997.09
317,318,2020-07-22,9388,9543,9272,9518.25,126599,271,9247.63,9221.96,9024.02,9446.78,8997.15
318,319,2020-07-23,9518.25,9678.32,9439.86,9604.41,166990,238.46,9315.11,9241.58,9054.2,9508.74,8974.42
319,320,2020-07-24,9604.41,9650,9470,9539.7,133975,180,9370.54,9255.59,9078.86,9546.99,8964.18
320,321,2020-07-25,9539.7,9735.1,9526.31,9701.49,133378,208.79,9446.21,9278.09,9105.92,9615.25,8940.94
321,322,2020-07-26,9701.54,10300,9655.2,9939.69,261999,644.8,9550.38,9306.35,9133.16,9734.09,8878.6
322,323,2020-07-27,9939.68,11488,9928.61,11047.6,744752,1559.39,9819.88,9384.74,9172.86,10193.9,8575.6
323,324,2020-07-28,11047.6,11270,10580,10919.9,499487,690,10038.7,9459.24,9214.22,10462.5,8455.98
324,325,2020-07-29,10919.9,11364.8,10844.3,11113,356189,520.46,10266.5,9538.27,9257.4,10729.5,8347.03
325,326,2020-07-30,11113,11195.5,10826.5,11112,230328,368.97,10481.9,9619.88,9297.72,10949.5,8290.29
326,327,2020-07-31,11112,11450.4,10971.8,11343.7,307400,478.64,10739.6,9700.04,9336.71,11191.1,8209
327,328,2020-08-01,11343.7,11887.5,11201,11811.4,386323,686.45,11041,9802.16,9380.22,11502.2,8102.09
328,329,2020-08-02,11811.4,12154.2,10490,11079.7,492803,1664.25,11203.9,9867.9,9416.04,11634.8,8101.01
329,330,2020-08-03,11080.7,11483,10923,11227.1,238655,560,11229.5,9947.53,9451.72,11774.3,8120.81
330,331,2020-08-04,11227.1,11427.4,11025,11200,200045,402.38,11269.6,10024,9486.33,11895.2,8152.75
331,332,2020-08-05,11200.1,11798.6,11103,11752.5,263510,695.56,11360.9,10124.8,9526.9,12087.7,8161.83
332,333,2020-08-06,11752.5,11916,11571.8,11770.6,236460,344.24,11455,10223.6,9557.07,12260.9,8186.23
333,334,2020-08-07,11770,11920,11318.9,11596.1,273935,601.07,11491.1,10317.8,9587.08,12383.4,8252.11
334,335,2020-08-08,11596.3,11819,11513.7,11765.7,154707,305.31,11484.5,10418.2,9616.73,12512.4,8324
335,336,2020-08-09,11765.7,11811,11526.9,11686,125463,284.1,11571.1,10517.8,9644.11,12606.7,8428.77
336,337,2020-08-10,11686,12100,11384.9,11896.9,290418,715.1,11666.8,10628.4,9674.38,12704.4,8552.34
337,338,2020-08-11,11896.9,11944,11127,11392.6,336862,817,11694.3,10718,9699.82,12720.6,8715.42
338,339,2020-08-12,11392.6,11630,11140,11568.4,213799,490,11668,10813.9,9725.54,12735.9,8891.86
339,340,2020-08-13,11568.4,11798,11272,11790,248215,526,11670.8,10917,9752.22,12755.5,9078.54
340,341,2020-08-14,11790,11868.4,11644.6,11767.9,159020,223.82,11695.4,11021.3,9770.13,12736.4,9306.21
341,342,2020-08-15,11767.9,11993.6,11682,11859,222263,311.58,11708.7,11120.1,9790.85,12724.3,9516.02
342,343,2020-08-16,11858.9,11945,11688,11921.2,165734,257,11742.3,11216.3,9814.8,12704.2,9728.32
343,344,2020-08-17,11921.3,12499.4,11780,12298.1,331435,719.42,11799.6,11324,9850.94,12712.4,9935.61
344,345,2020-08-18,12298.1,12403,11810,11960.8,291350,593,11880.8,11420.9,9885.29,12614.8,10226.9
345,346,2020-08-19,11962,12037,11574.8,11763.9,313267,462.27,11908.7,11503.4,9915.14,12464.6,10542.1
346,347,2020-08-20,11763.9,11888,11676,11857.9,130981,211.97,11918.4,11580.1,9940.91,12296.3,10863.8
347,348,2020-08-21,11858.5,11882.7,11491,11538.5,195107,391.68,11885.6,11599.7,9958.61,12281.2,10918.2
348,349,2020-08-22,11538.5,11689.1,11385.1,11670.5,126697,304.02,11858.7,11629.7,9982.44,12249.8,11009.7
349,350,2020-08-23,11670.5,11724,11522.2,11654,95608,201.85,11820.5,11651.4,10005.5,12232.9,11069.9
350,351,2020-08-24,11654,11832,11595,11753.3,108781,236.96,11742.7,11677,10026.4,12214.3,11139.8
351,352,2020-08-25,11753.3,11770,11130,11327.2,267235,640,11652.2,11676.4,10042.5,12215.4,11137.4
352,353,2020-08-26,11327.2,11548.7,11256,11466.2,170305,292.73,11609.7,11662.6,10059.6,12204.8,11120.3
353,354,2020-08-27,11466.2,11593,11130.8,11335.5,253778,462.18,11535,11672.8,10078.1,12177.6,11168
354,355,2020-08-28,11335.8,11544.9,11283.2,11526.8,129478,261.69,11533.4,11684.8,10103,12158.8,11210.8
355,356,2020-08-29,11526.8,11582,11419.3,11466.7,83715.2,162.66,11504.2,11695.5,10126.2,12134.7,11256.2
356,357,2020-08-30,11466.3,11724.1,11457.9,11714.1,113267,266.24,11512.8,11693.9,10151.9,12132.6,11255.2
357,358,2020-08-31,11714.1,11784.2,11575.8,11658.1,127272,208.43,11499.2,11689.4,10181.6,12127.1,11251.7
358,359,2020-09-01,11658.1,12061.1,11531.3,11930.2,211681,529.73,11585.4,11702.8,10212.3,12148.9,11256.6
359,360,2020-09-02,11930.2,11961,11156,11397,280412,805,11575.5,11688,10238.2,12149.6,11226.4
360,361,2020-09-03,11396.4,11475,9901.16,10141.1,487813,1573.84,11404.9,11626.2,10247.7,12398.2,10854.2
361,362,2020-09-04,10141.4,10635.8,9878.65,10448,432564,757.12,11250.7,11568.3,10256.6,12463.4,10673.2
362,363,2020-09-05,10448,10567.9,9808.58,10168.7,399307,759.29,11065.3,11519.3,10264.1,12574.1,10464.6
363,364,2020-09-06,10168.2,10349,10003,10258.1,190208,345.97,10857.3,11466.9,10269.8,12635.6,10298.2
364,365,2020-09-07,10258.1,10420.5,9879.68,10378.8,258477,540.87,10674.6,11410.5,10279.2,12648.4,10172.5
365,366,2020-09-08,10379.3,10443.8,9842.01,10129,317802,601.78,10417.2,11344.9,10278.2,12674.2,10015.7
366,367,2020-09-09,10130,10346,9981.13,10219.3,151223,364.87,10249,11279.3,10285.3,12663.6,9895.08
367,368,2020-09-10,10219.3,10484.6,10211.7,10335.9,187668,272.93,10276.8,11215.9,10292.1,12622.7,9809.13
368,369,2020-09-11,10335.9,10397.8,10200.8,10387.8,135929,197.05,10268.2,11139.5,10298.1,12508.4,9770.62
369,370,2020-09-12,10387.8,10477.7,10271,10438.3,97429,206.7,10306.7,11078.6,10306.4,12430.6,9726.61
370,371,2020-09-13,10438.3,10580,10209,10327.7,159022,370.99,10316.7,11021.1,10313.1,12373.9,9668.44
371,372,2020-09-14,10327.7,10746.1,10241.6,10664.1,205260,504.49,10357.4,10973.4,10322.4,12286.7,9660.05
372,373,2020-09-15,10664.1,10923.4,10592,10776.8,247657,331.42,10450,10942.9,10332.5,12236.8,9649.01
373,374,2020-09-16,10776.9,11089.1,10661.9,10948.2,252881,427.18,10554.1,10914,10344.4,12172,9656.05
374,375,2020-09-17,10948.2,11040,10740,10935.3,186484,300,10639.7,10885.3,10355,12105.1,9665.49
375,376,2020-09-18,10936,11035,10810.1,10926.3,136028,224.9,10716.7,10852.2,10371.6,12017.6,9686.85
376,377,2020-09-19,10926.3,11177,10880,11073.7,126239,297,10807.4,10842.1,10388,11994.5,9689.59
377,378,2020-09-20,11073.2,11073.9,10751,10914.3,150451,322.9,10891.2,10820,10402.6,11943.4,9696.55
378,379,2020-09-21,10915.5,10980.7,10281,10414.7,333047,699.69,10855.6,10783.2,10413.4,11896.5,9669.81
379,380,2020-09-22,10414.7,10574.1,10353.1,10523.3,179901,220.98,10819.4,10743,10424.5,11816.3,9669.74
380,381,2020-09-23,10523.3,10531.9,10132.2,10237.9,203028,399.73,10717.9,10693.9,10431.8,11741.3,9646.45
381,382,2020-09-24,10237.9,10837.3,10191,10724.9,241647,646.27,10687.9,10654.3,10444.6,11612,9696.57
382,383,2020-09-25,10724.9,10754.3,10551.6,10683.5,170931,202.73,10653.2,10615.3,10457.7,11477.4,9753.27
383,384,2020-09-26,10683.5,10827.8,10642.2,10726.5,109340,185.57,10603.6,10567.2,10472.1,11236,9898.31
384,385,2020-09-27,10726.5,10793.5,10584,10768,123441,209.5,10582.7,10542,10486.4,11122.3,9961.76
385,386,2020-09-28,10768,11024,10627.2,10691.5,187105,396.81,10622.2,10564,10500.5,11122.2,10005.8
386,387,2020-09-29,10691.9,10863.9,10631.5,10837,146888,232.45,10667,10579.6,10512.1,11146,10013.2
387,388,2020-09-30,10837,10846,10660,10773,132834,185.94,10743.5,10603.8,10523.6,11148.2,10059.3
388,389,2020-10-01,10773,10935.1,10442,10612.6,253620,493.14,10727.4,10617.9,10536.9,11143,10092.9
389,390,2020-10-02,10612.6,10660,10371,10565.2,224747,288.97,10710.5,10625.4,10550.2,11141.5,10109.3
390,391,2020-10-03,10565.4,10596,10491.1,10538,76315.9,104.89,10683.6,10641.8,10564.1,11116.6,10166.9
391,392,2020-10-04,10538,10694,10514,10660.2,90912.1,180,10668.2,10659.4,10580.8,11100.4,10218.4
392,393,2020-10-05,10660.2,10792,10608.9,10785,130589,183.1,10681.6,10677.4,10597.7,11099.7,10255
393,394,2020-10-06,10785,10792,10510.7,10593.7,184895,281.34,10646.8,10685.6,10611.9,11092.1,10279.1
394,395,2020-10-07,10593.7,10675,10540.3,10658.8,106701,134.71,10630.5,10694.4,10627.2,11087.9,10300.9
395,396,2020-10-08,10658.8,10958,10523,10919.5,207939,435,10674.3,10718.1,10644.3,11090.3,10345.8
396,397,2020-10-09,10919.5,11110,10818.4,11050.5,154337,291.56,10743.7,10733.5,10664.1,11127.9,10339.2
397,398,2020-10-10,11050.5,11494,11050.5,11294.8,199398,443.54,10851.8,10754.3,10686.7,11208,10300.5
398,399,2020-10-11,11294.8,11450.7,11273.8,11369.6,146323,176.96,10953.1,10771.1,10709.3,11282.5,10259.7
399,400,2020-10-12,11369.6,11732,11157,11530.4,254217,575,11059.6,10794.9,10734.1,11387.2,10202.6
400,401,2020-10-13,11530.4,11562,11308,11419.4,199115,254,11177.6,10814.6,10755.1,11456,10173.3
401,402,2020-10-14,11419.4,11550,11280.5,11417.1,192937,269.5,11285.9,10828.4,10776.9,11506.5,10150.3
402,403,2020-10-15,11417.1,11649.5,11250,11502,215260,399.48,11369.1,10851.9,10797.8,11581.2,10122.6
403,404,2020-10-16,11502,11538.9,11175,11318.9,212339,363.92,11407.5,10888.1,10818.8,11616.7,10159.4
404,405,2020-10-17,11319.5,11424.1,11250,11356.2,95893,174.09,11416.2,10921.4,10839.7,11656.7,10186.1
405,406,2020-10-18,11356.2,11529.9,11342.5,11501.1,92472.2,187.39,11435,10971.9,10862.6,11684.8,10259
406,407,2020-10-19,11501.5,11830,11404,11745,230162,425.99,11465.7,11012.7,10887.3,11781.3,10244.1
407,408,2020-10-20,11745,12045.8,11673,11900,312812,372.78,11534.3,11061.4,10914.1,11894.4,10228.3
408,409,2020-10-21,11900,13240,11876,12796.1,591963,1364,11731.3,11144.1,10949.9,12215.7,10072.6
409,410,2020-10-22,12796.1,13188.3,12675.5,12968.9,343852,512.77,11940.9,11232.2,10988,12515.7,9948.67
410,411,2020-10-23,12970.4,13043,12725,12925.8,237043,317.96,12170.4,11321.6,11026.3,12751,9892.06
411,412,2020-10-24,12925.8,13177.6,12871.1,13110.9,176147,306.52,12421.1,11412.5,11066.3,12994.7,9830.27
412,413,2020-10-25,13110.9,13369,12715,13023.8,206013,654,12638.6,11502.5,11105.2,13186.1,9819.02
413,414,2020-10-26,13024.2,13240,12729,13047.2,316503,511,12824.7,11599.9,11144,13349.3,9850.53
414,415,2020-10-27,13047.2,13787.8,13041.3,13629.4,411510,746.53,13071.7,11722.5,11189.1,13594.9,9850.11
415,416,2020-10-28,13629.9,13863,12876,13256.2,476994,987,13137.5,11831.2,11228.2,13732.5,9929.97
416,417,2020-10-29,13255.8,13637.2,12965,13446.7,355352,672.22,13205.7,11942.7,11267.9,13884.2,10001.2
417,418,2020-10-30,13446.7,13665.7,13100,13549.1,349891,565.65,13294.8,12053.2,11307.7,14034.5,10072
418,419,2020-10-31,13549.1,14140,13403.4,13783.7,357853,736.64,13390.9,12180.8,11350.6,14181.2,10180.5
419,420,2020-11-01,13783.7,13891.5,13605.9,13752.9,198395,285.62,13495,12304.6,11391.5,14295.4,10313.8
420,421,2020-11-02,13752.9,13823.8,13195,13540.5,327992,628.75,13565.5,12409.4,11427.9,14372.2,10446.7
421,422,2020-11-03,13541.5,14070,13276.3,14016.5,348730,793.67,13620.8,12528.1,11457.9,14507.1,10549.1
422,423,2020-11-04,14016.5,14280,13512,14134.3,451433,768,13746.2,12641.7,11490.3,14651.4,10631.9
423,424,2020-11-05,14134.3,15777,14088,15598.8,717490,1688.99,14053.7,12810.8,11535.7,15070.8,10550.8
424,425,2020-11-06,15598.7,15984.2,15177,15591,559380,807.2,14345.4,12973.3,11580.9,15425.3,10521.2
425,426,2020-11-07,15591,15774,14350,14824.3,457583,1424,14494,13109.5,11616.1,15580.1,10638.8
426,427,2020-11-08,14824.3,15678,14710,15473.2,290616,968,14739.8,13271.7,11653,15811,10732.4
427,428,2020-11-09,15473.2,15869,14822,15328.7,474182,1047,14995.3,13424.8,11696,15980.9,10868.6
428,429,2020-11-10,15328.7,15474.2,15071,15294.7,244074,403.17,15177.9,13583.8,11737.1,16088.2,11079.4
429,430,2020-11-11,15294.7,16000,15274.9,15690.2,330773,725.11,15400.1,13757.2,11782.4,16218.7,11295.6
430,431,2020-11-12,15690.2,16345,15437.7,16289,471759,907.3,15498.7,13948.7,11828.2,16423.9,11473.5
431,432,2020-11-13,16289,16480,15955.6,16320.5,306656,524.39,15602.9,14131.7,11874.2,16604.6,11658.8
432,433,2020-11-14,16320.5,16326.8,15700,16064.5,266207,626.82,15780.1,14298.3,11919.3,16705,11891.6
433,434,2020-11-15,16064.5,16161.2,15768,15952.3,210318,393.23,15848.6,14424.5,11961.6,16834,12015
434,435,2020-11-16,15951.9,16882,15862,16707.1,342459,1020,16045.5,14574.1,12012.3,17069.6,12078.5
435,436,2020-11-17,16707,17890.1,16550,17670,524095,1340.1,16384.8,14763.8,12070.6,17451.3,12076.4
436,437,2020-11-18,17670,18520,17215,17788.3,732937,1304.97,16684.5,14950.9,12135.2,17805,12096.8
437,438,2020-11-19,17788.3,18200,17347.3,17811.7,406501,852.73,16902.1,15142.4,12198.3,18098.4,12186.4
438,439,2020-11-20,17811.7,18831.6,17748.9,18664.3,407927,1082.68,17236.9,15367.1,12267.7,18507.7,12226.5
439,440,2020-11-21,18662.8,18986,18302.1,18722,342412,683.92,17616.5,15570.8,12338,18896.9,12244.7
440,441,2020-11-22,18722,18780,17646,18435.2,373779,1134.02,17971.2,15778,12404.4,19148.2,12407.7
441,442,2020-11-23,18434.2,18812.7,18014,18382.1,364221,798.68,18210.5,15975.4,12469.7,19354.8,12596
442,443,2020-11-24,18382.1,19440,18000,19179.6,477968,1440,18426.2,16200.6,12539.2,19655.9,12745.3
443,444,2020-11-25,19178.5,19554.2,18509.1,18741.7,426277,1045.07,18562.4,16398.9,12607.7,19845.4,12952.5
444,445,2020-11-26,18741.7,18940.7,16181,17155.3,850693,2759.69,18468.6,16535,12662.1,19810.6,13259.5
445,446,2020-11-27,17155.4,17465,16444.8,17144.1,398073,1020.17,18251.4,16679.2,12715.5,19714,13644.4
446,447,2020-11-28,17144.1,17880,16865.8,17717.7,268834,1014.22,18108,16827.2,12778,19676.2,13978.2
447,448,2020-11-29,17717.7,18343,17523,18181.1,256024,820,18071.7,16989.1,12843.7,19654.5,14323.7
448,449,2020-11-30,18180.4,19944,18178.8,19720,500483,1765.18,18262.8,17153.9,12925.2,19966.8,14341.1
449,450,2020-12-01,19722.1,19956,18050,18772.7,553885,1906,18204.7,17281.2,12996.1,20087.3,14475.1
450,451,2020-12-02,18770.3,19365,18329.6,19207,335717,1035.42,18271.1,17456.5,13075.7,20169.1,14743.9
451,452,2020-12-03,19207,19640,18865,19434.3,245021,775,18596.7,17615,13156.2,20307.5,14922.4
452,453,2020-12-04,19432.7,19537.2,18570,18664.2,276272,967.16,18813.9,17748.4,13230.2,20295.5,15201.2
453,454,2020-12-05,18662.7,19203.5,18510,19147.6,165913,693.46,19018.1,17902.5,13307.2,20292.5,15512.5
454,455,2020-12-06,19147.6,19449.1,18855.3,19375,176005,593.75,19188.7,18049.9,13387.1,20323,15776.8
455,456,2020-12-07,19375,19446.4,18908.7,19172.9,169402,537.7,19110.5,18165.2,13462.4,20357.3,15973.2
456,457,2020-12-08,19172.9,19319.4,18133.3,18319.3,280714,1186.05,19045.8,18245.2,13529.7,20298.3,16192.1
457,458,2020-12-09,18319.3,18639.7,17650,18538,353124,989.7,18950.2,18344.1,13596.4,20187,16501.3
458,459,2020-12-10,18538,18550,17916,18253.5,233960,634,18781.5,18436.2,13665.7,19988.2,16884.2
459,460,2020-12-11,18254,18290.4,17555,18031.5,317866,735.44,18691.1,18489.2,13745.4,19877,17101.4
460,461,2020-12-12,18031.7,18950,18012.2,18800,196962,937.79,18641.5,18534.4,13829.8,19884.1,17184.6
461,462,2020-12-13,18800,19432,18705.5,19175.1,239760,726.54,18612.9,18589.8,13920.7,19925.7,17254
462,463,2020-12-14,19175.1,19355.3,19004.7,19270.7,181556,350.63,18626.9,18648.2,14011.8,19969.8,17326.6
463,464,2020-12-15,19270.7,19598,19039.6,19424.9,248744,558.36,18784.8,18678.6,14103.1,20036.3,17320.9
464,465,2020-12-16,19424.9,21600,19274.6,21346.8,459302,2325.45,19186.1,18783.6,14216.5,20510.9,17056.3
465,466,2020-12-17,21346.8,23888,21231.5,22817,823436,2656.54,19838,18958.9,14343.7,21314,16603.7
466,467,2020-12-18,22817,23330,22363.9,23124.3,305997,966.06,20565.5,19148.6,14472.9,22017.9,16279.2
467,468,2020-12-19,23124.3,24281.6,22735.8,23847.3,337535,1545.8,21286.6,19335.3,14608.8,22765.7,15904.9
468,469,2020-12-20,23847.3,24376,23076.2,23473,322290,1299.75,21900.6,19524.5,14740.5,23321,15728.1
469,470,2020-12-21,23473,24145,21920,22730.1,476457,2225,22394.8,19747.5,14865.8,23618.3,15876.8
470,471,2020-12-22,22736.1,23850,22387,23827,326124,1463,23023.6,20014.8,14998.7,24055.8,15973.9
471,472,2020-12-23,23826.7,24235.4,22572.5,23238.3,394755,1662.9,23293.9,20235.7,15124.6,24356.1,16115.2
472,473,2020-12-24,23237.7,23819.8,22700,23737.4,237754,1119.81,23425.3,20457.9,15253.8,24713.8,16202
473,474,2020-12-25,23738.8,24827.6,23450,24730,284523,1377.64,23654.7,20658.3,15393.1,25229.6,16087.1
474,475,2020-12-26,24730,26926,24507.2,26508.8,367266,2418.76,24034.9,20967.8,15550.5,26028.3,15907.2
475,476,2020-12-27,26508.8,28459.8,25850,26305.6,540264,2609.84,24439.6,21251.7,15704.4,26683.6,15819.8
476,477,2020-12-28,26301.8,27538.8,26117.1,27102.7,267563,1421.72,25064.3,21558.4,15867.9,27412.4,15704.5
477,478,2020-12-29,27101.4,27441.7,25913,27402.8,260759,1528.72,25575.1,21908,16039.5,28077,15739
478,479,2020-12-30,27402.8,29063.7,27401,28907,374738,1662.72,26384.9,22298.4,16225.2,28955.4,15641.4
479,480,2020-12-31,28907,29376.7,27848,28951.7,313649,1528.7,27129.8,22681.4,16414.2,29728.3,15634.6
480,481,2021-01-01,28948.2,29668.9,28627.1,29337.2,210716,1041.74,27788,23088,16602.2,30456.9,15719.1
481,482,2021-01-02,29337.2,33480,28958.2,32199.9,545541,4521.76,28601,23643.2,16819.6,31584.5,15701.9
482,483,2021-01-03,32198.4,34832.2,32000,33054.5,487487,2832.23,29565.1,24223.9,17045.1,32713.7,15734.1
483,484,2021-01-04,33053.9,33653.6,27800,32031.1,506128,5853.56,30269.2,24775,17259.9,33436.9,16113
484,485,2021-01-05,32029.6,34500,29900,33999.5,433721,4600,31211.6,25413.7,17495.3,34354.2,16473.2
485,486,2021-01-06,33999.5,37037.5,33356.5,36823.7,444020,3681.05,32342.5,26134.7,17757.8,35735.4,16533.9
486,487,2021-01-07,36825.8,40565.6,36337.4,39498.9,520148,4228.26,33849.3,26947.6,18048,37488.7,16406.5
487,488,2021-01-08,39498.3,42125.5,36539.8,40637.2,518081,5585.74,35463.5,27802.3,18351.2,39181.4,16423.2
488,489,2021-01-09,40638.9,41539.9,38733.3,40136,260883,2806.6,36597.3,28630.7,18649.9,40474.7,16786.7
489,490,2021-01-10,40136.1,41412.1,35268,38221.7,436759,6144.12,37335.4,29305.7,18929.6,41341.9,17269.5
490,491,2021-01-11,38200,38322.2,30448,35408.5,906276,7874.18,37817.9,29809.4,19179.6,41767.8,17850.9
491,492,2021-01-12,35406.9,36693.4,32600,34056.9,449066,4093.44,37826.1,30246.7,19414.6,41984,18509.3
492,493,2021-01-13,34065.5,37880,32420,37421.1,398188,5460,37911.5,30789.6,19685.6,42549.3,19029.9
493,494,2021-01-14,37416.3,40189.4,36764.3,39163.3,353142,3425.06,37863.5,31417.2,19973.5,43224.6,19609.9
494,495,2021-01-15,39163.3,39790,34478,36755.2,437610,5312,37309,31978.2,20234.5,43392,20564.5
495,496,2021-01-16,36755.2,38000,35366,36025.7,301102,2634,36721.8,32466.2,20486.8,43463.4,21469
496,497,2021-01-17,36025.6,36898,33863.5,35869.8,287686,3034.5,36385.8,32971.4,20735,43345.1,22597.8
497,498,2021-01-18,35875.7,37547.9,34808.5,36686.9,253387,2739.47,36568.4,33489.4,20990.7,43214.9,23764
498,499,2021-01-19,36690,37961,35850,35891,257889,2111,36830.4,33935.9,21236.8,42987.2,24884.5
499,500,2021-01-20,35891.7,36461.4,33403,35500,329192,3058.44,36556,34295.5,21480,42816.2,25774.8
500,501,2021-01-21,35499.2,35636.2,30069.9,30880,550562,5566.27,35372.7,34478.5,21676.6,42464,26493
501,502,2021-01-22,30875.8,33831.5,28880,32986.3,453569,4951.52,34834.2,34713.8,21893.7,42119.3,27308.4
502,503,2021-01-23,32990.1,33495,31405,32086.5,256776,2090,34271.5,34901.2,22103.4,41752.2,28050.1
503,504,2021-01-24,32086.5,33125.8,30914.2,32275.6,212107,2211.55,33758,35035.9,22314.7,41518.3,28553.5
504,505,2021-01-25,32274.9,34880,31921.5,32253.7,316688,2958.53,33124.7,35168,22524.4,41256.5,29079.5
505,506,2021-01-26,32253.7,32950,30810,32474.1,346862,2140,32636.6,35293.5,22733.7,40998.5,29588.5
506,507,2021-01-27,32474.8,32562.2,29240,30381,431023,3322.2,31905.3,35220.7,22920.4,41132.7,29308.7
507,508,2021-01-28,30383,33778.9,29843.3,33399.8,311528,3935.62,32265.3,35234.5,23128.5,41127.1,29342
508,509,2021-01-29,33400,38641.1,31960,34269.4,713580,6681.1,32448.6,35324.1,23343.7,41080.2,29567.9
509,510,2021-01-30,34267,34988.9,32849.1,34289.9,267862,2139.82,32763.4,35335.7,23559.5,41081.9,29589.5
510,511,2021-01-31,34284.8,34393.2,32193,33126.2,211294,2200.18,32884.9,35187.8,23761.7,40964.6,29410.9
511,512,2021-02-01,33125.1,34720,32322.5,33546.1,240632,2397.53,33069.5,34949.7,23969,40471.2,29428.1
512,513,2021-02-02,33546.1,36041,33450,35504.1,239856,2591,33502.4,34744.4,24195.8,39741.5,29747.2
513,514,2021-02-03,35504.1,37700,35410,37652.5,240308,2290,34541.1,34645,24438.5,39281.3,30008.7
514,515,2021-02-04,37651.9,38833,36233,36976.9,306715,2600,35052.2,34595.2,24678.1,39096.2,30094.2
515,516,2021-02-05,36975.2,38411.8,36586.7,38362.6,196277,1825.14,35636.9,34713.4,24929.7,39452.2,29974.6
516,517,2021-02-06,38357.2,40992.4,38269,39249.5,310826,2723.4,36345.4,34921.1,25189.3,39984.1,29858.1
517,518,2021-02-07,39249.5,39757.9,37403.3,38849.2,296722,2354.6,37163,34978.2,25442.5,40188.8,29767.6
518,519,2021-02-08,38849.2,47146,38037,46451.3,440167,9109,39006.6,35269.7,25772.8,42038.4,28501
519,520,2021-02-09,46451.3,48266.4,45057.6,46492.5,381477,3208.71,40576.4,35659.2,26105.7,43771.4,27547
520,521,2021-02-10,46492.5,47475,43770,44850,334979,3705,41604.6,36012.2,26417.1,44919.7,27104.7
521,522,2021-02-11,44850,48810,44039,48060.2,330540,4771.03,43187.9,36499.8,26759.8,46626.1,26373.5
522,523,2021-02-12,48060.2,49279,46121,47361,259186,3157.98,44473.4,36926.8,27080.6,47946.7,25906.9
523,524,2021-02-13,47364,48290,46252.1,47221.6,199965,2037.9,45612.3,37380,27400.1,49130.2,25629.8
524,525,2021-02-14,47221.6,49875.2,47093.2,48655.2,241936,2782,47013.1,37906.2,27741.8,50456.6,25355.8
525,526,2021-02-15,48655.2,49100,45349.2,47981.6,248960,3750.79,47231.7,38590.3,28070.2,51406.4,25774.1
526,527,2021-02-16,47981.6,50953.4,47101,49197.9,343592,3852.42,47618.2,39238.7,28412.3,52506,25971.4
527,528,2021-02-17,49197.9,52800,49029.6,52194.6,312007,3770.38,48667.4,40043.1,28785.1,53927.4,26158.7
528,529,2021-02-18,52194.6,52640,50948,51619.7,185490,1692,49175.9,40816.8,29148,55049.3,26584.4
529,530,2021-02-19,51612.5,56582,50800,56004.1,257912,5782,50410.7,41766.8,29549.1,56767.6,26766.1
530,531,2021-02-20,56005.9,57699,53905,55917.4,240296,3794,51652.9,42704.6,29949.1,58207.5,27201.7
531,532,2021-02-21,55908.4,58472.1,55564.5,57487.4,196821,2907.64,52914.7,43788.8,30367.5,59490.8,28086.9
532,533,2021-02-22,57475.5,57591.9,47751.4,54121.1,480660,9840.45,53791.7,44617.7,30753.1,60221.9,29013.4
533,534,2021-02-23,54125.6,54260.1,44893.8,48930,748737,9366.3,53753.5,45204.1,31078.6,60281,30127.3
534,535,2021-02-24,48930,51435.6,47000,49702,333415,4435.58,53397.4,45820.6,31402.1,60285.9,31355.2
535,536,2021-02-25,49702.1,52135,46685.4,47089.4,349943,5449.53,52750.2,46379.1,31698.1,59846,32912.2
536,537,2021-02-26,47088,48438,44100,46313.1,440670,4338.01,51365.8,46889.8,31986,59252,34527.6
537,538,2021-02-27,46313.1,48476.1,44926.8,46102.6,256027,3549.28,49963.7,47313.7,32263.1,58740.6,35886.9
538,539,2021-02-28,46097.1,46678,43002.1,45163.4,370359,3675.95,48203.1,47614.2,32530.2,58357.1,36871.3
539,540,2021-03-01,45162.6,49800,44972.5,49592.7,315660,4827.51,47556.2,48118.8,32844.9,57924.1,38313.6
540,541,2021-03-02,49595,50221.8,47058.1,48450.6,273100,3163.71,47487.7,48522.3,33148.7,57445.3,39599.4
541,542,2021-03-03,48454.2,52681.5,48110.7,50373.8,350311,4570.85,47583.7,48967.3,33463.8,57031.7,40902.9
542,543,2021-03-04,50373.8,51800,47500,48385.8,387429,4300,47768.9,49348.8,33763.2,56235.1,42462.4
543,544,2021-03-05,48385.8,49470,46320,48770.6,354603,3150,48119.9,49441.5,34082.5,56227,42656.1
544,545,2021-03-06,48772.7,49253.6,47090,48908.2,215093,2163.63,48520.7,49538.2,34403.4,56216.6,42859.7
545,546,2021-03-07,48908.2,51480,48908.2,50995.3,248398,2571.79,49353.9,49784,34739.5,56190.2,43377.7
546,547,2021-03-08,50991.4,52450,49310,52429.4,308340,3140,49759.1,49958.7,35085.5,56407.3,43510.2
547,548,2021-03-09,52429.4,54950,51880,54917.8,285605,3070,50683,50261,35441,56907.6,43614.4
548,549,2021-03-10,54917.8,57500.9,53061,55948,401160,4439.92,51479.3,50610.1,35816.5,57503.6,43716.6
549,550,2021-03-11,55949.3,58283,54356.4,57844.5,364681,3926.56,52830.5,50977.6,36206.8,58396.8,43558.5
550,551,2021-03-12,57842.6,58186.3,55074.3,57291,335495,3112.03,54047.7,51350,36589.2,59070.9,43629.1
551,552,2021-03-13,57291,61950,56136,61267.4,320322,5814,55813.3,51832.8,37019.5,60450.3,43215.3
552,553,2021-03-14,61267.4,61798,59005,59037.1,231992,2793,56962.2,52106.5,37422.4,61193.8,43019.2
553,554,2021-03-15,59037.1,60740,54517.3,55646.6,448821,6222.72,57421.8,52267.6,37788.8,61461,43074.1
554,555,2021-03-16,55646.6,56988,53335,56954.2,339718,3653,57712.7,52305.6,38170.4,61571,43040.2
555,556,2021-03-17,56953.2,59078.8,54154.9,58959,339398,4923.86,58142.8,52427.2,38580.9,61966.1,42888.4
556,557,2021-03-18,58959,60510,57072,57700,305100,3438,58122.2,52435.7,38976.5,61993.7,42877.8
557,558,2021-03-19,57700,59550,56301.3,58089.1,259039,3248.73,58236.2,52594.5,39378.9,62397.7,42791.2
558,559,2021-03-20,58089.1,59948,57881,58145.6,203680,2067,57790.2,52963.1,39784.1,62884.5,43041.6
559,560,2021-03-21,58144.4,58638.7,55403.6,57415.2,237519,3235.15,57558.5,53271.6,40174.1,63250.1,43293.2
560,561,2021-03-22,57415.2,58500,53635.8,54129.6,293063,4864.19,57341.8,53553.2,40527.2,63196.5,43910
561,562,2021-03-23,54129.6,55890.7,52981.4,54400,276199,2909.28,56976.9,53876.7,40882.1,63038.5,44714.9
562,563,2021-03-24,54400,57234.8,51666,52311.5,394173,5568.79,56027.3,54125.1,41214.2,62728.4,45521.7
563,564,2021-03-25,52307.9,53255.2,50452.1,51325.2,416848,2803.12,55116.6,54371.5,41517.1,62225.6,46517.5
564,565,2021-03-26,51325.2,55123,51260,55030,271958,3863,54679.6,54589,41842.4,62188.7,46989.4
565,566,2021-03-27,55030,56658.8,54001,55828,234435,2657.76,54348.5,54884.1,42172.8,62051.2,47717
566,567,2021-03-28,55828,56588.3,54694.9,55805.1,200604,1893.4,54118.5,55101.4,42495.6,62023.9,48178.8
567,568,2021-03-29,55804.2,58490.1,54931.1,57677.6,277215,3558.96,54625.3,55473,42841.1,61871.2,49074.9
568,569,2021-03-30,57676.1,59560,57110,58794.2,232824,2450,55253.1,55874,43205.4,61757.6,49990.3
569,570,2021-03-31,58794.2,59920,56812,58807.2,337038,3108,56181,56269.9,43558.7,61495.9,51043.9
570,571,2021-04-01,58811,59592.2,58002,58794,196332,1590.22,57248,56581.9,43917.9,61412.1,51751.7
571,572,2021-04-02,58797.6,60397.9,58490,59031.4,189392,1907.82,57819.6,56846,44274.4,61446.6,52245.3
572,573,2021-04-03,59029,59925,56900,57134.6,198636,3025,58006.3,56934.6,44601.7,61465.4,52403.9
573,574,2021-04-04,57134.6,58553,56517.2,58234.6,152454,2035.77,58353.4,57026.1,44922.1,61566.2,52486.1
574,575,2021-04-05,58234.6,59385,56808.9,59243.4,174339,2576.06,58577.1,57082.1,45254.8,61698,52466.1
575,576,2021-04-06,59243.4,59626.2,57500,58060,165562,2126.18,58472.2,57112.8,45567.6,61744.8,52480.9
576,577,2021-04-07,58060,58720,55536.1,56018.2,265272,3183.93,58073.7,56902.9,45856.6,61215,52590.8
577,578,2021-04-08,56018.2,58200,55759.1,58122.3,161390,2440.87,57977.8,56866.3,46151.7,61118,52614.5
578,579,2021-04-09,58122.9,58950,57700,58176,141690,1250,57855.6,56967.4,46446.9,61218.6,52716.2
579,580,2021-04-10,58176,61800,57943.9,59832.4,240908,3856.05,58241,57082.6,46754.9,61485.4,52679.7
580,581,2021-04-11,59832.4,60816.9,59304,60090.2,148500,1512.86,58506.1,57127.8,47036.6,61633.1,52622.5
581,582,2021-04-12,60093.3,61449.9,59500,59911.2,196148,1949.91,58601.5,57216.3,47307.9,61853.3,52579.3
582,583,2021-04-13,59911.2,63850,59873,63649.7,279390,3976.99,59400,57438.7,47627.3,62736.5,52140.9
583,584,2021-04-14,63645.1,64986.1,61404,63019.1,323455,3582.11,60400.1,57633.6,47920.4,63379.5,51887.7
584,585,2021-04-15,63018.3,63905.8,62157.9,63232.6,178604,1747.94,61130.2,57866.3,48187.2,64031.3,51701.4
585,586,2021-04-16,63232.6,63600,60100,61424.7,255766,3500,61594.3,58158.1,48408.7,64276.5,52039.7
586,587,2021-04-17,61424.7,62610,59620,60090.1,194112,2990,61631.1,58385.7,48605.2,64342.8,52428.6
587,588,2021-04-18,60090.1,60450,50050,56140.1,522006,10400,61066.8,58538.9,48766.8,64023.4,53054.3
588,589,2021-04-19,56140.1,57532.7,54200,55634.4,285042,3332.7,60455.8,58711.2,48942.7,63474.6,53947.9
589,590,2021-04-20,55634.4,57060,53330.8,56410.6,324494,3729.18,59421.7,58766.5,49154.8,63381.7,54151.2
590,591,2021-04-21,56411.2,56756.8,53610,53800,252602,3146.78,58104.6,58685.3,49354.3,63578.7,53792
591,592,2021-04-22,53794.7,55470.5,50534.3,51714.6,453489,4936.17,56459.2,58521.7,49498.6,64048.9,52994.6
592,593,2021-04-23,51714.6,52152,47546.2,51122.6,554666,4605.84,54987.5,58259.5,49619.4,64526,51993
593,594,2021-04-24,51122.6,51183.5,48690,50092.4,299663,2493.51,53559.2,57911.5,49754.2,64970.7,50852.2
594,595,2021-04-25,50094.3,50577.9,46930.4,49063.9,310306,3647.47,52548.4,57521.7,49885.9,65402.9,49640.5
595,596,2021-04-26,49063.9,54364.9,48763,53984.3,390494,5601.89,52312.6,57329.3,50068.8,65315.3,49343.4
596,597,2021-04-27,53984.3,55500,53225.1,55006.2,225440,2274.86,52112,57168.3,50253.9,65173.5,49163.1
597,598,2021-04-28,55006.2,56574.1,53852,54861.8,263171,2722.13,52263.7,57077.4,50445.5,65135.7,49019.2
598,599,2021-04-29,54861.8,55222,52350,53558.8,257045,2872.02,52527.1,56890.4,50627.9,65053.1,48727.7
599,600,2021-04-30,53558.6,57935,53043.6,57684.2,294684,4891.38,53464.5,56828,50898.7,64939.5,48716.5
600,601,2021-05-01,57688.3,58488.2,57051.2,57836.3,207854,1436.94,54570.8,56819.1,51149.7,64925.4,48712.8
601,602,2021-05-02,57836.4,57960,56100,56630.3,203713,1859.97,55651.7,56843.6,51397.6,64943.5,48743.6
602,603,2021-05-03,56630.3,59056.6,56500.6,57214.8,271734,2555.94,56113.2,56807.3,51649.5,64891.4,48723.1
603,604,2021-05-04,57214.8,57253.8,53094.6,53263.3,388989,4159.17,55864.2,56610.7,51861.7,64794.5,48427
604,605,2021-05-05,53263.3,57940,52880.4,57497.8,317812,5059.62,56240.8,56517.4,52114.5,64600.6,48434.1
605,606,2021-05-06,57497.8,58450,55297.9,56435.4,275471,3152.09,56651.7,56371.2,52377.7,64316.2,48426.1
606,607,2021-05-07,56435.4,58800,55300,57350.9,256160,3500,56604.1,56268.8,52619.6,64088.7,48448.8
607,608,2021-05-08,57350.9,59591,56961.2,58925,264907,2629.71,56759.6,56079.8,52868.6,63366.6,48792.9
608,609,2021-05-09,58926.4,59335.2,56316,58292.5,245954,3019.19,56997.1,55890.7,53111.1,62653.8,49127.6
609,610,2021-05-10,58292.5,59654,53250,55869.7,396237,6404,56804.9,55596.2,53340.8,61629,49563.4
610,611,2021-05-11,55869.4,56908.7,54541.3,56710.4,267226,2367.33,57297.4,55407.6,53574.8,60956.6,49858.6
611,612,2021-05-12,56712.7,58050,48503.7,49595.8,472329,9546.25,56168.5,54987.8,53717.1,60647.6,49328.1
612,613,2021-05-13,49596.8,51358,45596.3,49707.9,652477,5761.68,55207.5,54730.6,53838.9,60745.7,48715.4
613,614,2021-05-14,49706.3,51533,48870.4,49873.3,319069,2662.59,54139.2,54500.1,53969.2,60805.4,48194.8
614,615,2021-05-15,49873.3,50709.4,46584.3,46793.4,442024,4125.11,52406.1,54115.4,54054.3,61074.6,47156.2
615,616,2021-05-16,46794.6,49829.4,43866,46429.3,604538,5963.39,50711.4,53820.6,54126.9,61429.6,46211.5
616,617,2021-05-17,46429.3,46655,42151,43566.2,809129,4504,48953.8,53494.7,54174.5,62111,44878.3
617,618,2021-05-18,43565.1,45846.6,42268,42882.5,590359,3578.61,46978.3,53165.1,54138.5,62736.9,43593.2
618,619,2021-05-19,42882.5,43615.9,28688,36689.1,1373850,14927.9,45134.5,52628.9,54039.4,64208.7,41049.1
619,620,2021-05-20,36689.1,42460,34882,40500.3,775185,7578,43819.2,52286.4,53995.5,64776.5,39796.3
620,621,2021-05-21,40500,42270.4,33400,37211,930672,8870.42,42010.3,51615.4,53885.9,65454.7,37776.2
621,622,2021-05-22,37210,38851.3,35201.1,37432.6,588167,3650.23,40673,50912.5,53785.6,65781.1,36043.9
622,623,2021-05-23,37436,38261.7,31096.7,34651.6,996815,7165.01,38990.5,50104.1,53658.7,66223.1,33985.1
623,624,2021-05-24,34656.5,39917.1,34366,38779.7,707903,5551.09,38306.7,49512.9,53558.9,66178.8,32847.1
624,625,2021-05-25,38783.6,39790.1,36439.3,38326.8,598836,3350.73,37655.9,48738.6,53461.4,65619.9,31857.3
625,626,2021-05-26,38326.8,40900,37804.8,39224.2,577033,3095.24,38018,47994.2,53360.6,64845.3,31143
626,627,2021-05-27,39224.2,40438.8,37133.2,38527.4,543339,3305.6,37736.2,47270,53222.6,64130.7,30409.3
627,628,2021-05-28,38527.4,38888.4,34689.6,35671,832363,4198.78,37516.2,46408.3,53061.5,63353.2,29463.4
628,629,2021-05-29,35671,37375,33650,34611.9,733903,3725,37113.2,45662.2,52845.4,62987.6,28336.8
629,630,2021-05-30,34611.9,36501,33356,35651.8,511835,3145,37256.1,44788.4,52640.7,61827.8,27748.9
630,631,2021-05-31,35651.8,37500,34150,37243.4,635082,3350,37036.6,44020.7,52436.2,60596.8,27444.6
631,632,2021-06-01,37244.4,37893.8,35500,36693.4,590823,2393.76,36803.3,43194.4,52260.2,59045.4,27343.4
632,633,2021-06-02,36694.4,38233,35905,37570,441720,2327.99,36567,42340.2,52145.4,56908.8,27771.6
633,634,2021-06-03,37570,39470,37150.1,39247.4,507429,2319.85,36669.8,41578.4,52039.8,54578.7,28578.1
634,635,2021-06-04,39247.4,39297.4,35552.5,36828,700626,3744.84,36835.1,40816.7,51936.2,52492,29141.5
635,636,2021-06-05,36828,37900.5,34800,35498.6,631028,3100.49,36961.8,39968.3,51826.9,49762.4,30174.2
636,637,2021-06-06,35497.9,36521.2,35201.9,35801.7,443601,1319.3,36983.2,39416.5,51722.9,48477.5,30355.5
637,638,2021-06-07,35801.7,36820,33200,33551,636736,3620,36455.7,38770.2,51605.6,47043.2,30497.2
638,639,2021-06-08,33551,34061.6,30969,33372.6,976693,3092.57,35981.3,38110.2,51441.8,45247.2,30973.2
639,640,2021-06-09,33372.6,37511.3,32390,37368.4,1031010,5121.31,35952.5,37733.2,51329.8,43887,31579.3
640,641,2021-06-10,37370,38489,35750,36669.7,803186,2739,35584.3,37342.8,51191.4,42324.7,32360.9
641,642,2021-06-11,36669.6,37679.5,35900,37300.4,586123,1779.54,35651.8,37092.2,51079.4,41347,32837.4
642,643,2021-06-12,37300.4,37432.9,34585.9,35537.1,623532,2847.05,35657.3,36798.4,50945.8,40342.2,33254.6
643,644,2021-06-13,35535.9,39374.2,34739.1,38993.6,647035,4635.12,36113.3,36890.5,50845.6,40540.8,33240.3
644,645,2021-06-14,38993.7,41000,38720,40489.1,704980,2280,37104.4,36890.1,50739.5,40538.5,33241.7
645,646,2021-06-15,40489.1,41413,39500,40132.9,632067,1913,38070.2,37007,50615.3,40878.6,33135.4
646,647,2021-06-16,40132.9,40495,38105,38345,673236,2390,38209.7,37043.5,50447.9,40948.9,33138.1
647,648,2021-06-17,38345,39565,37334.8,38060.7,603850,2230.24,38408.4,37179.8,50267.2,40973.7,33386
648,649,2021-06-18,38060.7,38198,35100,35811.4,790379,3098,38195.7,37061.1,50044.6,40832.1,33290.1
649,650,2021-06-19,35811.4,36471.8,34704.1,35483,642185,1767.72,38188,36947.3,49824.3,40730.8,33163.9
650,651,2021-06-20,35483,36155,33312,35588.6,829896,2843,37701.5,36801.9,49565,40499.2,33104.6
651,652,2021-06-21,35588.6,35746.3,31250.5,31606,1397330,4495.77,36432.5,36525.1,49287.9,40690.9,32359.3
652,653,2021-06-22,31606,33274,28780,32496,1531820,4493.99,35341.5,36398.1,49054,40855.7,31940.4
653,654,2021-06-23,32496,34867.8,31711.5,33649,960700,3156.27,34670.7,36359.6,48818.6,40897.4,31821.7
654,655,2021-06-24,33650,35406.7,32300,34644.6,774899,3106.74,34182.7,36319.3,48573,40901,31737.5
655,656,2021-06-25,34644.6,35500,31250,31568.1,1093050,4250,33576.5,36092.3,48309.1,41031.6,31152.9
656,657,2021-06-26,31569.2,32720.5,30120,32255.6,1091380,2600.52,33115.4,35914.7,48048.1,41078,30751.5
657,658,2021-06-27,32250.2,34762,31960,34687.7,897147,2802,32986.7,35799.4,47811.2,40937.4,30661.5
658,659,2021-06-28,34687.7,35279.4,33855,34487.2,706159,1424.38,33398.3,35609,47579.6,40564.1,30654
659,660,2021-06-29,34486.6,36623,34206,35911.3,806140,2417,33886.2,35572.4,47395.6,40503.4,30641.4
660,661,2021-06-30,35910.6,36090,34042.7,35031.4,719743,2047.22,34083.7,35553.7,47199.9,40489.4,30618
661,662,2021-07-01,35031.4,35045,32672,33490,758966,2372.94,33918.8,35461.2,47009.8,40463.7,30458.7
662,663,2021-07-02,33490,33960,32684,33760.9,664923,1276,34232,35469.6,46832.4,40459.5,30479.8
663,664,2021-07-03,33760.9,34948.2,33297,34652.9,510614,1651.18,34574.5,35520.8,46626.6,40446.9,30594.8
664,665,2021-07-04,34653.3,35955.6,34340.8,35280.2,451002,1614.8,34659.1,35437.3,46419,40303.2,30571.3
665,666,2021-07-05,35280.2,35281.6,33032,33672.7,736706,2249.55,34542.8,35317.4,46195.4,40204.5,30430.3
666,667,2021-07-06,33672.7,35120,33500,34206,644229,1620,34299.2,35193.6,45958.4,40027.9,30359.4
667,668,2021-07-07,34206,34950,33925,34614.9,211221,1025,34239.7,35156.8,45714.1,39994.2,30319.3